algorithm,graph,runtime,batch_size,num,iterations
single_threaded,soc-LiveJournal1,38.880404986s,0,1,50
single_threaded,soc-pokec-relationships,28.72852397s,0,1,66
single_threaded,wiki-Talk,4.76803622s,0,1,24
single_threaded,web-BerkStan,3.564114183s,0,1,279
single_threaded,roadNet-TX,1.6999473s,0,1,89
single_threaded,roadNet-CA,1.475345478s,0,1,35
single_threaded,web-Google,1.746052805s,0,1,15
single_threaded,web-Stanford,1.387495753s,0,1,218
single_threaded,roadNet-PA,972.124631ms,0,1,44
single_threaded,web-NotreDame,358.089955ms,0,1,36
hashmap,web-Stanford,1.647252413s,0,6,424
hashmap,web-BerkStan,3.742973122s,0,6,424
hashmap,web-Google,866.13028ms,0,6,24
hashmap,web-NotreDame,831.387223ms,0,6,188
hashmap,wiki-Talk,4.696739604s,0,6,44
hashmap,soc-pokec-relationships,17.824686893s,0,6,128
hashmap,soc-LiveJournal1,32.377706875s,0,6,100
hashmap,roadNet-CA,1.911263278s,0,6,78
hashmap,roadNet-PA,1.022877508s,0,6,67
hashmap,roadNet-TX,2.139979307s,0,6,125
hashmap,web-Stanford,1.581179879s,256,6,424
hashmap,web-BerkStan,4.240086937s,256,6,424
hashmap,web-Google,921.499209ms,256,6,24
hashmap,web-NotreDame,863.446452ms,256,6,188
hashmap,wiki-Talk,3.302305796s,256,6,44
hashmap,soc-pokec-relationships,14.845066043s,256,6,128
hashmap,soc-LiveJournal1,21.676186077s,256,6,100
hashmap,roadNet-CA,1.972232894s,256,6,78
hashmap,roadNet-PA,1.017551328s,256,6,67
hashmap,roadNet-TX,2.155101361s,256,6,125
hashmap,web-Stanford,1.506928827s,256,6,424
hashmap,web-BerkStan,3.776809035s,256,6,424
hashmap,web-Google,889.855214ms,256,6,24
hashmap,web-NotreDame,818.787371ms,256,6,188
hashmap,wiki-Talk,3.038527873s,256,6,44
hashmap,soc-pokec-relationships,15.417872444s,256,6,128
hashmap,soc-LiveJournal1,23.531772941s,256,6,100
hashmap,roadNet-CA,1.906032689s,256,6,78
hashmap,roadNet-PA,978.071279ms,256,6,67
hashmap,roadNet-TX,2.085901402s,256,6,125
estimates,web-Stanford,1.426768631s,0,6,424
estimates,web-BerkStan,3.433349978s,0,6,424
estimates,web-Google,796.584134ms,0,6,24
estimates,web-NotreDame,757.173147ms,0,6,188
estimates,wiki-Talk,3.828197409s,0,6,44
estimates,soc-pokec-relationships,15.839463174s,0,6,128
estimates,soc-LiveJournal1,28.277765976s,0,6,100
estimates,roadNet-CA,1.688960476s,0,6,78
estimates,roadNet-PA,877.64773ms,0,6,67
estimates,roadNet-TX,1.862673168s,0,6,125
estimates,web-Stanford,1.395792484s,256,6,424
estimates,web-BerkStan,3.384713344s,256,6,424
estimates,web-Google,802.744624ms,256,6,24
estimates,web-NotreDame,771.966925ms,256,6,188
estimates,wiki-Talk,2.713195309s,256,6,44
estimates,soc-pokec-relationships,12.706821167s,256,6,128
estimates,soc-LiveJournal1,19.281341527s,256,6,100
estimates,roadNet-CA,1.735665154s,256,6,78
estimates,roadNet-PA,892.040594ms,256,6,67
estimates,roadNet-TX,1.94497454s,256,6,125
estimates,web-Stanford,1.425930959s,256,6,424
estimates,web-BerkStan,3.296668227s,256,6,424
estimates,web-Google,793.43699ms,256,6,24
estimates,web-NotreDame,753.426048ms,256,6,188
estimates,wiki-Talk,2.723312846s,256,6,44
estimates,soc-pokec-relationships,12.930973154s,256,6,128
estimates,soc-LiveJournal1,20.517920841s,256,6,100
estimates,roadNet-CA,1.704527851s,256,6,78
estimates,roadNet-PA,861.082984ms,256,6,67
estimates,roadNet-TX,1.898530845s,256,6,125
onephase,web-Stanford,615.882488ms,0,6,215
onephase,web-BerkStan,1.833477787s,0,6,279
onephase,web-Google,546.649933ms,0,6,14
onephase,web-NotreDame,153.365756ms,0,6,31
onephase,wiki-Talk,2.389343566s,0,6,24
onephase,soc-pokec-relationships,10.407273203s,0,6,66
onephase,soc-LiveJournal1,17.936081232s,0,6,50
onephase,roadNet-CA,684.333745ms,0,6,35
onephase,roadNet-PA,463.392787ms,0,6,44
onephase,roadNet-TX,1.046995839s,0,6,89
onephase,web-Stanford,659.817804ms,256,6,212
onephase,web-BerkStan,1.863297957s,256,6,279
onephase,web-Google,557.344872ms,256,6,15
onephase,web-NotreDame,161.798722ms,256,6,31
onephase,wiki-Talk,1.524677085s,256,6,23
onephase,soc-pokec-relationships,8.910033909s,256,6,66
onephase,soc-LiveJournal1,12.30852694s,256,6,50
onephase,roadNet-CA,769.272265ms,256,6,38
onephase,roadNet-PA,498.155149ms,256,6,45
onephase,roadNet-TX,1.030074774s,256,6,83
onephase,web-Stanford,683.284465ms,256,6,218
onephase,web-BerkStan,1.979195025s,256,6,281
onephase,web-Google,562.650976ms,256,6,15
onephase,web-NotreDame,172.560107ms,256,6,34
onephase,wiki-Talk,1.556296035s,256,6,24
onephase,soc-pokec-relationships,9.05478111s,256,6,66
onephase,soc-LiveJournal1,12.304182829s,256,6,50
onephase,roadNet-CA,832.885395ms,256,6,39
onephase,roadNet-PA,532.113275ms,256,6,45
onephase,roadNet-TX,1.148517446s,256,6,90
onephase_optimized,web-Stanford,579.793393ms,0,6,226
onephase_optimized,web-BerkStan,1.55335698s,0,6,279
onephase_optimized,web-Google,291.346436ms,0,6,15
onephase_optimized,web-NotreDame,137.024962ms,0,6,32
onephase_optimized,wiki-Talk,1.025415556s,0,6,24
onephase_optimized,soc-pokec-relationships,6.207168891s,0,6,67
onephase_optimized,soc-LiveJournal1,11.133747932s,0,6,50
onephase_optimized,roadNet-CA,574.992907ms,0,6,35
onephase_optimized,roadNet-PA,396.861093ms,0,6,44
onephase_optimized,roadNet-TX,908.081036ms,0,6,89
onephase_optimized,web-Stanford,505.968673ms,256,6,217
onephase_optimized,web-BerkStan,1.589548473s,256,6,283
onephase_optimized,web-Google,299.821603ms,256,6,15
onephase_optimized,web-NotreDame,134.811198ms,256,6,32
onephase_optimized,wiki-Talk,573.265435ms,256,6,24
onephase_optimized,soc-pokec-relationships,4.341374868s,256,6,66
onephase_optimized,soc-LiveJournal1,6.276373989s,256,6,51
onephase_optimized,roadNet-CA,689.830883ms,256,6,40
onephase_optimized,roadNet-PA,424.021681ms,256,6,45
onephase_optimized,roadNet-TX,899.34376ms,256,6,83
onephase_optimized,web-Stanford,487.935312ms,256,6,219
onephase_optimized,web-BerkStan,1.609704749s,256,6,284
onephase_optimized,web-Google,292.842345ms,256,6,15
onephase_optimized,web-NotreDame,134.457293ms,256,6,32
onephase_optimized,wiki-Talk,586.897879ms,256,6,23
onephase_optimized,soc-pokec-relationships,4.399394907s,256,6,66
onephase_optimized,soc-LiveJournal1,6.431997954s,256,6,52
onephase_optimized,roadNet-CA,705.900488ms,256,6,39
onephase_optimized,roadNet-PA,457.053856ms,256,6,46
onephase_optimized,roadNet-TX,975.917884ms,256,6,89
