algorithm,graph,runtime,batch_size,num_threads,iterations
onephase_optimized_threads,soc-pokec-relationships,42.039510686s,256,1,66
onephase_optimized_threads,soc-pokec-relationships,35.233118835s,256,1,66
onephase_optimized_threads,soc-pokec-relationships,34.27221832s,256,1,66
onephase_optimized_threads,soc-pokec-relationships,36.771571674s,256,1,66
onephase_optimized_threads,soc-pokec-relationships,34.279968048s,256,1,66
onephase_optimized_threads,soc-pokec-relationships,19.072655797s,256,2,66
onephase_optimized_threads,soc-pokec-relationships,30.948117748s,256,2,66
onephase_optimized_threads,soc-pokec-relationships,18.881405429s,256,2,66
onephase_optimized_threads,soc-pokec-relationships,18.414286815s,256,2,66
onephase_optimized_threads,soc-pokec-relationships,21.781225119s,256,2,66
onephase_optimized_threads,soc-pokec-relationships,9.389292113s,256,4,66
onephase_optimized_threads,soc-pokec-relationships,12.324233727s,256,4,66
onephase_optimized_threads,soc-pokec-relationships,11.6215337s,256,4,66
onephase_optimized_threads,soc-pokec-relationships,10.855211612s,256,4,66
onephase_optimized_threads,soc-pokec-relationships,11.037397433s,256,4,66
onephase_optimized_threads,soc-pokec-relationships,7.127331668s,256,8,66
onephase_optimized_threads,soc-pokec-relationships,7.353888736s,256,8,66
onephase_optimized_threads,soc-pokec-relationships,7.379395422s,256,8,66
onephase_optimized_threads,soc-pokec-relationships,6.796784729s,256,8,66
onephase_optimized_threads,soc-pokec-relationships,6.618684437s,256,8,66
onephase_optimized_threads,soc-pokec-relationships,4.510380395s,256,16,66
onephase_optimized_threads,soc-pokec-relationships,4.455018546s,256,16,66
onephase_optimized_threads,soc-pokec-relationships,4.474310107s,256,16,66
onephase_optimized_threads,soc-pokec-relationships,4.548452766s,256,16,66
onephase_optimized_threads,soc-pokec-relationships,4.071312099s,256,32,66
onephase_optimized_threads,soc-pokec-relationships,3.927660384s,256,32,67
onephase_optimized_threads,soc-pokec-relationships,4.307621056s,256,32,66
onephase_optimized_threads,soc-pokec-relationships,4.143142053s,256,32,66
onephase_optimized_threads,soc-pokec-relationships,4.350265663s,256,32,66
onephase_optimized_threads,soc-pokec-relationships,4.115616075s,256,64,68
onephase_optimized_threads,soc-pokec-relationships,4.109649781s,256,64,67
onephase_optimized_threads,soc-pokec-relationships,4.149875557s,256,64,69
onephase_optimized_threads,soc-pokec-relationships,4.201649235s,256,64,67
onephase_optimized_threads,soc-pokec-relationships,4.024369796s,256,64,68
onephase_optimized_threads,soc-pokec-relationships,4.200753228s,256,128,70
onephase_optimized_threads,soc-pokec-relationships,4.190537593s,256,128,70
onephase_optimized_threads,soc-pokec-relationships,4.136931728s,256,128,69
onephase_optimized_threads,soc-pokec-relationships,4.190192229s,256,128,69
onephase_optimized_threads,soc-pokec-relationships,4.193968496s,256,128,70
onephase_optimized_threads,soc-LiveJournal1,54.792704545s,256,1,50
onephase_optimized_threads,soc-LiveJournal1,53.464023176s,256,1,50
onephase_optimized_threads,soc-LiveJournal1,53.098254489s,256,1,50
onephase_optimized_threads,soc-LiveJournal1,54.52266112s,256,1,50
onephase_optimized_threads,soc-LiveJournal1,51.638910081s,256,1,50
onephase_optimized_threads,soc-LiveJournal1,26.406712959s,256,2,50
onephase_optimized_threads,soc-LiveJournal1,26.024586199s,256,2,50
onephase_optimized_threads,soc-LiveJournal1,26.937854993s,256,2,50
onephase_optimized_threads,soc-LiveJournal1,26.775367217s,256,2,50
onephase_optimized_threads,soc-LiveJournal1,26.317998438s,256,2,50
onephase_optimized_threads,soc-LiveJournal1,15.764141656s,256,4,52
onephase_optimized_threads,soc-LiveJournal1,13.390402799s,256,4,51
onephase_optimized_threads,soc-LiveJournal1,15.639661214s,256,4,51
onephase_optimized_threads,soc-LiveJournal1,18.338752657s,256,4,51
onephase_optimized_threads,soc-LiveJournal1,15.593504576s,256,4,51
onephase_optimized_threads,soc-LiveJournal1,9.507635111s,256,8,52
onephase_optimized_threads,soc-LiveJournal1,9.432764116s,256,8,53
onephase_optimized_threads,soc-LiveJournal1,9.150575124s,256,8,51
onephase_optimized_threads,soc-LiveJournal1,9.304454024s,256,8,52
onephase_optimized_threads,soc-LiveJournal1,9.581745449s,256,8,53
onephase_optimized_threads,soc-LiveJournal1,7.169137538s,256,16,54
onephase_optimized_threads,soc-LiveJournal1,6.968254204s,256,16,54
onephase_optimized_threads,soc-LiveJournal1,7.352309286s,256,16,55
onephase_optimized_threads,soc-LiveJournal1,7.066059124s,256,16,52
onephase_optimized_threads,soc-LiveJournal1,7.531439122s,256,16,51
onephase_optimized_threads,soc-LiveJournal1,6.3435808s,256,32,55
onephase_optimized_threads,soc-LiveJournal1,6.29162261s,256,32,55
onephase_optimized_threads,soc-LiveJournal1,6.311742228s,256,32,55
onephase_optimized_threads,soc-LiveJournal1,6.600220727s,256,32,56
onephase_optimized_threads,soc-LiveJournal1,6.829358863s,256,32,55
onephase_optimized_threads,soc-LiveJournal1,6.530998796s,256,64,57
onephase_optimized_threads,soc-LiveJournal1,6.579360364s,256,64,59
onephase_optimized_threads,soc-LiveJournal1,6.42323015s,256,64,57
onephase_optimized_threads,soc-LiveJournal1,6.351609911s,256,64,56
onephase_optimized_threads,soc-LiveJournal1,6.552458719s,256,64,58
onephase_optimized_threads,soc-LiveJournal1,6.869359646s,256,128,62
onephase_optimized_threads,soc-LiveJournal1,6.808180127s,256,128,60
onephase_optimized_threads,soc-LiveJournal1,6.886648591s,256,128,63
onephase_optimized_threads,soc-LiveJournal1,6.764521324s,256,128,61
onephase_optimized_threads,soc-LiveJournal1,6.854604876s,256,128,60
fastK,web-BerkStan,1.12687749s,256,1,424
fastK,web-BerkStan,1.081502163s,256,1,424
fastK,web-BerkStan,1.063221781s,256,1,424
fastK,web-BerkStan,1.035248798s,256,1,424
fastK,web-BerkStan,1.089995824s,256,1,424
fastK,web-BerkStan,564.495101ms,256,2,424
fastK,web-BerkStan,598.941119ms,256,2,424
fastK,web-BerkStan,591.324962ms,256,2,424
fastK,web-BerkStan,566.966838ms,256,2,424
fastK,web-BerkStan,588.320402ms,256,2,424
fastK,web-BerkStan,587.872407ms,256,3,424
fastK,web-BerkStan,740.295523ms,256,3,424
fastK,web-BerkStan,684.933532ms,256,3,424
fastK,web-BerkStan,546.042959ms,256,3,424
fastK,web-BerkStan,651.455549ms,256,3,424
fastK,web-BerkStan,565.468428ms,256,4,424
fastK,web-BerkStan,591.221118ms,256,4,424
fastK,web-BerkStan,528.948503ms,256,4,424
fastK,web-BerkStan,615.471675ms,256,4,424
fastK,web-BerkStan,628.740256ms,256,4,424
fastK,web-BerkStan,703.518957ms,256,5,424
fastK,web-BerkStan,796.260832ms,256,5,424
fastK,web-BerkStan,773.895655ms,256,5,424
fastK,web-BerkStan,809.712067ms,256,5,424
fastK,web-BerkStan,770.282549ms,256,5,424
fastK,web-BerkStan,755.075249ms,256,6,424
fastK,web-BerkStan,656.454574ms,256,6,424
fastK,web-BerkStan,809.135526ms,256,6,424
fastK,web-BerkStan,703.180294ms,256,6,424
fastK,web-BerkStan,626.958562ms,256,6,424
fastK,web-BerkStan,636.260216ms,256,7,424
fastK,web-BerkStan,723.881347ms,256,7,424
fastK,web-BerkStan,778.804352ms,256,7,424
fastK,web-BerkStan,603.716322ms,256,7,424
fastK,web-BerkStan,706.327513ms,256,7,424
fastK,web-BerkStan,502.903636ms,256,8,424
fastK,web-BerkStan,788.117357ms,256,8,424
fastK,web-BerkStan,665.438597ms,256,8,424
fastK,web-BerkStan,680.628571ms,256,8,424
fastK,web-BerkStan,774.339096ms,256,8,424
fastK,web-BerkStan,630.633804ms,256,9,424
fastK,web-BerkStan,649.379172ms,256,9,424
fastK,web-BerkStan,482.051379ms,256,9,424
fastK,web-BerkStan,778.190669ms,256,9,424
fastK,web-BerkStan,595.71948ms,256,9,424
fastK,web-BerkStan,690.640985ms,256,10,424
fastK,web-BerkStan,653.014034ms,256,10,424
fastK,web-BerkStan,735.598098ms,256,10,424
fastK,web-BerkStan,787.92739ms,256,10,424
fastK,web-BerkStan,688.617355ms,256,10,424
fastK,web-BerkStan,733.487872ms,256,11,424
fastK,web-BerkStan,667.415485ms,256,11,424
fastK,web-BerkStan,791.025512ms,256,11,424
fastK,web-BerkStan,631.173495ms,256,11,424
fastK,web-BerkStan,742.763838ms,256,11,424
fastK,web-BerkStan,610.039819ms,256,12,424
fastK,web-BerkStan,843.393236ms,256,12,424
fastK,web-BerkStan,589.569896ms,256,12,424
fastK,web-BerkStan,833.122102ms,256,12,424
fastK,web-BerkStan,708.775459ms,256,12,424
fastK,soc-pokec-relationships,10.827317745s,256,1,131
fastK,soc-pokec-relationships,10.016278553s,256,1,131
fastK,soc-pokec-relationships,9.995611232s,256,1,131
fastK,soc-pokec-relationships,10.077512874s,256,1,131
fastK,soc-pokec-relationships,9.729357812s,256,1,131
fastK,soc-pokec-relationships,4.802766008s,256,2,131
fastK,soc-pokec-relationships,4.833936808s,256,2,131
fastK,soc-pokec-relationships,4.948284178s,256,2,131
fastK,soc-pokec-relationships,5.083704785s,256,2,131
fastK,soc-pokec-relationships,5.00832695s,256,2,131
fastK,soc-pokec-relationships,3.698524484s,256,3,131
fastK,soc-pokec-relationships,3.29262246s,256,3,131
fastK,soc-pokec-relationships,3.614719793s,256,3,131
fastK,soc-pokec-relationships,3.369519221s,256,3,131
fastK,soc-pokec-relationships,3.263462295s,256,3,131
fastK,soc-pokec-relationships,2.716559595s,256,4,131
fastK,soc-pokec-relationships,2.601288697s,256,4,131
fastK,soc-pokec-relationships,2.673071303s,256,4,131
fastK,soc-pokec-relationships,2.826239517s,256,4,131
fastK,soc-pokec-relationships,2.704372635s,256,4,131
fastK,soc-pokec-relationships,3.067479767s,256,5,131
fastK,soc-pokec-relationships,3.027036874s,256,5,131
fastK,soc-pokec-relationships,3.054218666s,256,5,131
fastK,soc-pokec-relationships,3.069529311s,256,5,131
fastK,soc-pokec-relationships,3.008572617s,256,5,131
fastK,soc-pokec-relationships,2.817670611s,256,6,131
fastK,soc-pokec-relationships,2.732026s,256,6,131
fastK,soc-pokec-relationships,2.810367022s,256,6,131
fastK,soc-pokec-relationships,2.804419716s,256,6,131
fastK,soc-pokec-relationships,2.742803557s,256,6,131
fastK,soc-pokec-relationships,2.612199809s,256,7,131
fastK,soc-pokec-relationships,2.691207417s,256,7,131
fastK,soc-pokec-relationships,2.701567773s,256,7,131
fastK,soc-pokec-relationships,2.976304079s,256,7,131
fastK,soc-pokec-relationships,2.898426565s,256,7,131
fastK,soc-pokec-relationships,2.544330386s,256,8,131
fastK,soc-pokec-relationships,2.616020941s,256,8,131
fastK,soc-pokec-relationships,2.573997393s,256,8,131
fastK,soc-pokec-relationships,2.805194578s,256,8,131
fastK,soc-pokec-relationships,2.969265342s,256,8,131
fastK,soc-pokec-relationships,2.544907394s,256,9,131
fastK,soc-pokec-relationships,2.473013799s,256,9,131
fastK,soc-pokec-relationships,2.573951021s,256,9,131
fastK,soc-pokec-relationships,2.784292967s,256,9,131
fastK,soc-pokec-relationships,2.81199795s,256,9,131
fastK,soc-pokec-relationships,2.86520417s,256,10,131
fastK,soc-pokec-relationships,2.576905869s,256,10,131
fastK,soc-pokec-relationships,2.707384153s,256,10,131
fastK,soc-pokec-relationships,2.699569059s,256,10,131
fastK,soc-pokec-relationships,2.631707855s,256,10,131
fastK,soc-pokec-relationships,2.737349903s,256,11,131
fastK,soc-pokec-relationships,2.861402348s,256,11,131
fastK,soc-pokec-relationships,2.626126888s,256,11,131
fastK,soc-pokec-relationships,2.736922109s,256,11,131
fastK,soc-pokec-relationships,2.485268608s,256,11,131
fastK,soc-pokec-relationships,2.625933712s,256,12,131
fastK,soc-pokec-relationships,2.528494899s,256,12,131
fastK,soc-pokec-relationships,2.461290329s,256,12,131
fastK,soc-pokec-relationships,2.291795752s,256,12,131
fastK,soc-pokec-relationships,2.379446425s,256,12,131
fastK,soc-LiveJournal1,110.702µs,256,1,1
fastK,soc-LiveJournal1,55.305µs,256,1,1
fastK,soc-LiveJournal1,455.372µs,256,1,1
fastK,soc-LiveJournal1,93.581µs,256,1,1
fastK,soc-LiveJournal1,70.522µs,256,1,1
fastK,soc-LiveJournal1,97.928µs,256,2,1
fastK,soc-LiveJournal1,57.266µs,256,2,1
fastK,soc-LiveJournal1,78.642µs,256,2,1
fastK,soc-LiveJournal1,76.709µs,256,2,1
fastK,soc-LiveJournal1,70.389µs,256,2,1
fastK,soc-LiveJournal1,106.223µs,256,3,1
fastK,soc-LiveJournal1,81.238µs,256,3,1
fastK,soc-LiveJournal1,74.314µs,256,3,1
fastK,soc-LiveJournal1,85.065µs,256,3,1
fastK,soc-LiveJournal1,91.361µs,256,3,1
fastK,soc-LiveJournal1,104.325µs,256,4,1
fastK,soc-LiveJournal1,91.188µs,256,4,1
fastK,soc-LiveJournal1,94.061µs,256,4,1
fastK,soc-LiveJournal1,165.876µs,256,4,1
fastK,soc-LiveJournal1,106.361µs,256,4,1
fastK,soc-LiveJournal1,111.639µs,256,5,1
fastK,soc-LiveJournal1,139.281µs,256,5,1
fastK,soc-LiveJournal1,110.119µs,256,5,1
fastK,soc-LiveJournal1,139.035µs,256,5,1
fastK,soc-LiveJournal1,120.45µs,256,5,1
fastK,soc-LiveJournal1,122.477µs,256,6,1
fastK,soc-LiveJournal1,117.185µs,256,6,1
fastK,soc-LiveJournal1,111.903µs,256,6,1
fastK,soc-LiveJournal1,164.417µs,256,6,1
fastK,soc-LiveJournal1,120.865µs,256,6,1
fastK,soc-LiveJournal1,176.414µs,256,7,1
fastK,soc-LiveJournal1,132.819µs,256,7,1
fastK,soc-LiveJournal1,152.629µs,256,7,1
fastK,soc-LiveJournal1,132.705µs,256,7,1
fastK,soc-LiveJournal1,136.717µs,256,7,1
fastK,soc-LiveJournal1,149.233µs,256,8,1
fastK,soc-LiveJournal1,189.044µs,256,8,1
fastK,soc-LiveJournal1,219.733µs,256,8,1
fastK,soc-LiveJournal1,147.395µs,256,8,1
fastK,soc-LiveJournal1,202.044µs,256,8,1
fastK,soc-LiveJournal1,167.636µs,256,9,1
fastK,soc-LiveJournal1,232.742µs,256,9,1
fastK,soc-LiveJournal1,163.57µs,256,9,1
fastK,soc-LiveJournal1,238.55µs,256,9,1
fastK,soc-LiveJournal1,163.55µs,256,9,1
fastK,soc-LiveJournal1,174.708µs,256,10,1
fastK,soc-LiveJournal1,230.946µs,256,10,1
fastK,soc-LiveJournal1,191.472µs,256,10,1
fastK,soc-LiveJournal1,176.141µs,256,10,1
fastK,soc-LiveJournal1,175.349µs,256,10,1
fastK,soc-LiveJournal1,229.857µs,256,11,1
fastK,soc-LiveJournal1,344.611µs,256,11,1
fastK,soc-LiveJournal1,308.842µs,256,11,1
fastK,soc-LiveJournal1,299.543µs,256,11,1
fastK,soc-LiveJournal1,175.568µs,256,11,1
fastK,soc-LiveJournal1,330.996µs,256,12,1
fastK,soc-LiveJournal1,400.558µs,256,12,1
fastK,soc-LiveJournal1,301.515µs,256,12,1
fastK,soc-LiveJournal1,235.658µs,256,12,1
fastK,soc-LiveJournal1,290.124µs,256,12,1
