k_max: 71,   k_avg: 7.90824181281571,   d_avg: 14.136982802656224
k_max: 201,   k_avg: 11.108128499732207,   d_avg: 19.407966072755027
k_max: 44,   k_avg: 5.672572204253908,   d_avg: 9.432385304682965
k_max: 155,   k_avg: 4.323486702135825,   d_avg: 6.693343239318574
k_max: 131,   k_avg: 1.958066894004097,   d_avg: 3.8920766710449657
k_max: 47,   k_avg: 13.931495758217153,   d_avg: 27.317380408181265
k_max: 372,   k_avg: 9.379707073913925,   d_avg: 17.67946751063574
k_max: 3,   k_avg: 1.806728213785858,   d_avg: 2.806912865289119
k_max: 3,   k_avg: 1.7988422615773842,   d_avg: 2.8267847321526784
k_max: 3,   k_avg: 1.7762639561412763,   d_avg: 2.758265315422967
